title,author,date_updated,categories,excerpt,url
STAND ALONE TILE // ART,Sampson,2018-03-26," Featured Issue,  News,  Skate","
Aaron Clark - Stand Alone Tile




Aaron Clark is a screen printer by trade and an artist by nature. He created Stand Alone Tile in 2013 as a way to fuse art, screen printing and ceramics together to cre...",http://www.heckler.com/stand-alone-tile-art/
SHE // Side Hits Euphoria // Chapter 2,Sampson,2018-02-01," Featured Issue,  News,  Snow","

Resort riding, side hits, random stuff on the slopes... Same story as the first chapter. Oli and I filmed everything we found on our way during our last snowboard trips in December. We rode around Vancouver...",http://www.heckler.com/she-side-hits-euphoria-chapter-2/
MATT SHAFFER – (3 Seasons in Tahoe),Jalin Arimond,2017-12-21," Featured Issue,  News,  Snow","

Shaffer moved to Tahoe in 2014 and very quickly made it clear he was hungry. These are some clips from the streets, to the backcountry, that he has gathered over the past three seasons in the Lake Tahoe bas...",http://www.heckler.com/matt-shaffer-3-seasons-in-tahoe/
Willis Kimbel and Jeremy Tuffli // Creature Skateboards,Sampson,2017-11-21," Featured Issue,  News,  Skate","

Take a ride with Willis Kimbel and Jeremy Tuffli as they maneuver though this indoor wooded wonderland. Willis’s new Dolanshark OUT NOW! Check it and the rest of the new Holiday line and creatureskateboards...",http://www.heckler.com/willis-kimbel-and-jeremy-tuffli-creature-skateboards/
TRUE STORY // SIMS SNOWBOARDS EDIT,Sampson,2017-11-21," Featured Issue,  News,  Snow","

The SIMS Snowboards team tore up North America last year! Check the full edit and see what went down.

Team Riders: Terry Kidwell, Seth Hill, Joshua Felicano, Ryan Flaska, Aaron Golbeck, Ricky Gatterdam, ...",http://www.heckler.com/true-story-sims-snowboards-edit/
Nixon // Santa Cruz Skateboards // Colab,Sampson,2017-11-14," Featured Issue,  News,  Skate","

If anyone has pioneered the visual language of skateboarding it is Jim Phillips and Santa Cruz Skateboards. Jim's iconic artistic style, paired with the equally loud personalities of the Santa Cruz pro team...",http://www.heckler.com/nixon-santa-cruz-skateboards-colab/
Issue 58,Heckler,2013-09-03," Issue 51-60,  The Vault","
Click Image Above To View Heckler Magazine Issue 58...",http://www.heckler.com/issue-58/
Issue 16,Heckler,2013-10-15," Issue 11-20,  The Vault","
Click Image Above To View Heckler Magazine Issue 16
""The Goin' Big Issue""...",http://www.heckler.com/issue-16/
MASTER BAY TABLE – FULL MOVIE SEXUAL SNOWBOARDING,Jalin Arimond,2015-11-26," Featured Issue,  News,  Snow","The Helgason's and friends are at it again. Full movie.

...",http://www.heckler.com/master-bay-table-full-movie-sexual-snowboarding/
Onward to Italy – Pat Moore: Blueprint – Season 2 Ep 7,Dan Conroy,2015-04-22," News,  Snow","On the never-ending hunt for fresh, film-worthy snow, the Blueprint crew went deep, traveling to a freeride paradise in ...",http://www.heckler.com/onward-to-italy-pat-moore-blueprint-season-2-ep-7/
Grant Taylor – GT Blazer Low Full Video – Nike SB,Dan Conroy,2014-11-25," News,  Skate","Grant Taylor represents timeless, raw skateboarding. It’s not old, it’s not new, it’s just pure. Power and flow. Classic...",http://www.heckler.com/grant-taylor-gt-blazer-low-full-video-nike-sb/
OJ Presents: Four Minutes of Awesomeness with Danny Dicola,Dan Conroy,2014-11-06," News,  Skate",So you want to take a ride off the unbeaten path with the eclectic riding of Danny Dicola? Well you're gonna need some O...,http://www.heckler.com/oj-presents-four-minutes-of-awesomeness-with-danny-dicola/
